<annotation verified="yes">
	<folder>smoking_images</folder>
	<filename>1.jpg</filename>
	<path>C:\Users\Administrator\Desktop\打电话抽烟数据集\smoking_images\1.jpg</path>
	<source>
		<database>Unknown</database>
	</source>
	<size>
		<width>436</width>
		<height>324</height>
		<depth>3</depth>
	</size>
	<segmented>0</segmented>
	<object>
		<name>1</name>
		<pose>Unspecified</pose>
		<truncated>0</truncated>
		<difficult>0</difficult>
		<bndbox>
			<xmin>163</xmin>
			<ymin>80</ymin>
			<xmax>243</xmax>
			<ymax>168</ymax>
		</bndbox>
	</object>
</annotation>
