<annotation verified="yes">
	<folder>smoking_images</folder>
	<filename>2.jpg</filename>
	<path>C:\Users\Administrator\Desktop\打电话抽烟数据集\smoking_images\2.jpg</path>
	<source>
		<database>Unknown</database>
	</source>
	<size>
		<width>500</width>
		<height>330</height>
		<depth>3</depth>
	</size>
	<segmented>0</segmented>
	<object>
		<name>1</name>
		<pose>Unspecified</pose>
		<truncated>0</truncated>
		<difficult>0</difficult>
		<bndbox>
			<xmin>141</xmin>
			<ymin>60</ymin>
			<xmax>197</xmax>
			<ymax>132</ymax>
		</bndbox>
	</object>
</annotation>
