<annotation>
	<folder>smoking_images</folder>
	<filename>4.jpg</filename>
	<path>C:\Users\Administrator\Desktop\打电话抽烟数据集\smoking_images\4.jpg</path>
	<source>
		<database>Unknown</database>
	</source>
	<size>
		<width>550</width>
		<height>367</height>
		<depth>3</depth>
	</size>
	<segmented>0</segmented>
	<object>
		<name>1</name>
		<pose>Unspecified</pose>
		<truncated>0</truncated>
		<difficult>0</difficult>
		<bndbox>
			<xmin>276</xmin>
			<ymin>152</ymin>
			<xmax>312</xmax>
			<ymax>181</ymax>
		</bndbox>
	</object>
</annotation>
