<annotation verified="yes">
	<folder>smoking_images</folder>
	<filename>7.jpg</filename>
	<path>C:\Users\Administrator\Desktop\打电话抽烟数据集\smoking_images\7.jpg</path>
	<source>
		<database>Unknown</database>
	</source>
	<size>
		<width>412</width>
		<height>616</height>
		<depth>3</depth>
	</size>
	<segmented>0</segmented>
	<object>
		<name>1</name>
		<pose>Unspecified</pose>
		<truncated>0</truncated>
		<difficult>0</difficult>
		<bndbox>
			<xmin>49</xmin>
			<ymin>177</ymin>
			<xmax>83</xmax>
			<ymax>219</ymax>
		</bndbox>
	</object>
</annotation>
