<annotation verified="yes">
	<folder>smoking_images</folder>
	<filename>9.jpg</filename>
	<path>C:\Users\Administrator\Desktop\打电话抽烟数据集\smoking_images\9.jpg</path>
	<source>
		<database>Unknown</database>
	</source>
	<size>
		<width>507</width>
		<height>300</height>
		<depth>3</depth>
	</size>
	<segmented>0</segmented>
	<object>
		<name>1</name>
		<pose>Unspecified</pose>
		<truncated>0</truncated>
		<difficult>0</difficult>
		<bndbox>
			<xmin>169</xmin>
			<ymin>34</ymin>
			<xmax>236</xmax>
			<ymax>97</ymax>
		</bndbox>
	</object>
</annotation>
