<annotation>
	<folder>马克杯原始数据集</folder>
	<filename>IMG_20211022_142826.jpg</filename>
	<path>C:\Users\Administrator\Desktop\马克杯原始数据集\IMG_20211022_142826.jpg</path>
	<source>
		<database>Unknown</database>
	</source>
	<size>
		<width>2976</width>
		<height>3968</height>
		<depth>3</depth>
	</size>
	<segmented>0</segmented>
	<object>
		<name>0</name>
		<pose>Unspecified</pose>
		<truncated>0</truncated>
		<difficult>0</difficult>
		<bndbox>
			<xmin>1240</xmin>
			<ymin>1671</ymin>
			<xmax>1369</xmax>
			<ymax>1951</ymax>
		</bndbox>
	</object>
</annotation>
