<annotation>
	<folder>马克杯原始数据集</folder>
	<filename>IMG_20211022_141527.jpg</filename>
	<path>C:\Users\Administrator\Desktop\马克杯原始数据集\IMG_20211022_141527.jpg</path>
	<source>
		<database>Unknown</database>
	</source>
	<size>
		<width>4000</width>
		<height>3000</height>
		<depth>3</depth>
	</size>
	<segmented>0</segmented>
	<object>
		<name>0</name>
		<pose>Unspecified</pose>
		<truncated>0</truncated>
		<difficult>0</difficult>
		<bndbox>
			<xmin>1936</xmin>
			<ymin>865</ymin>
			<xmax>2330</xmax>
			<ymax>1125</ymax>
		</bndbox>
	</object>
</annotation>
