<annotation verified="yes">
	<folder>马克杯原始数据集</folder>
	<filename>IMG_20211022_144528.jpg</filename>
	<path>C:\Users\Administrator\Desktop\马克杯原始数据集\IMG_20211022_144528.jpg</path>
	<source>
		<database>Unknown</database>
	</source>
	<size>
		<width>3968</width>
		<height>2976</height>
		<depth>3</depth>
	</size>
	<segmented>0</segmented>
	<object>
		<name>1</name>
		<pose>Unspecified</pose>
		<truncated>0</truncated>
		<difficult>0</difficult>
		<bndbox>
			<xmin>2264</xmin>
			<ymin>1419</ymin>
			<xmax>2814</xmax>
			<ymax>1819</ymax>
		</bndbox>
	</object>
</annotation>
