<annotation verified="yes">
	<folder>马克杯原始数据集</folder>
	<filename>IMG_20211022_145007.jpg</filename>
	<path>C:\Users\Administrator\Desktop\马克杯原始数据集\IMG_20211022_145007.jpg</path>
	<source>
		<database>Unknown</database>
	</source>
	<size>
		<width>3000</width>
		<height>4000</height>
		<depth>3</depth>
	</size>
	<segmented>0</segmented>
	<object>
		<name>1</name>
		<pose>Unspecified</pose>
		<truncated>0</truncated>
		<difficult>0</difficult>
		<bndbox>
			<xmin>281</xmin>
			<ymin>704</ymin>
			<xmax>1090</xmax>
			<ymax>1708</ymax>
		</bndbox>
	</object>
</annotation>
