<annotation verified="yes">
	<folder>马克杯原始数据集</folder>
	<filename>mug (5).jpg</filename>
	<path>C:\Users\Administrator\Desktop\马克杯原始数据集\mug (5).jpg</path>
	<source>
		<database>Unknown</database>
	</source>
	<size>
		<width>800</width>
		<height>600</height>
		<depth>3</depth>
	</size>
	<segmented>0</segmented>
	<object>
		<name>0</name>
		<pose>Unspecified</pose>
		<truncated>0</truncated>
		<difficult>0</difficult>
		<bndbox>
			<xmin>328</xmin>
			<ymin>278</ymin>
			<xmax>557</xmax>
			<ymax>431</ymax>
		</bndbox>
	</object>
</annotation>
