<annotation verified="yes">
	<folder>马克杯原始数据集</folder>
	<filename>mug (6).jpg</filename>
	<path>C:\Users\Administrator\Desktop\马克杯原始数据集\mug (6).jpg</path>
	<source>
		<database>Unknown</database>
	</source>
	<size>
		<width>800</width>
		<height>600</height>
		<depth>3</depth>
	</size>
	<segmented>0</segmented>
	<object>
		<name>0</name>
		<pose>Unspecified</pose>
		<truncated>0</truncated>
		<difficult>0</difficult>
		<bndbox>
			<xmin>316</xmin>
			<ymin>279</ymin>
			<xmax>562</xmax>
			<ymax>439</ymax>
		</bndbox>
	</object>
</annotation>
